dtime,time,open,high,low,close,vwap,volume,count
2022-10-30 11:00:00,1667127600,0.9967,0.99687,0.99652,0.99668,0.99668,118688.49950414,221
2022-10-30 12:00:00,1667131200,0.9968,0.99683,0.99652,0.99669,0.9966,76844.03723376,186
2022-10-30 13:00:00,1667134800,0.99652,0.99669,0.99611,0.99643,0.99645,329143.1310929,585
2022-10-30 14:00:00,1667138400,0.99643,0.99732,0.99642,0.9968,0.99698,309970.79018935,465
2022-10-30 15:00:00,1667142000,0.99679,0.99718,0.99658,0.99709,0.99684,92206.7535777,300
2022-10-30 16:00:00,1667145600,0.997,0.99774,0.99642,0.99671,0.99708,294256.59489279,387
2022-10-30 17:00:00,1667149200,0.99706,0.9974,0.99691,0.99721,0.99716,202195.6804348,340
2022-10-30 18:00:00,1667152800,0.99721,0.99779,0.9967,0.9968,0.99696,970340.00168335,399
2022-10-30 19:00:00,1667156400,0.99687,0.99687,0.99636,0.9967,0.99651,323104.09704936,414
2022-10-30 20:00:00,1667160000,0.9965,0.99674,0.99612,0.99623,0.99629,176901.58673531,318
2022-10-30 21:00:00,1667163600,0.99617,0.99623,0.99552,0.99568,0.99576,407002.4664293,298
2022-10-30 22:00:00,1667167200,0.99571,0.9961,0.99484,0.99593,0.99532,126435.92993097,299
2022-10-30 23:00:00,1667170800,0.9958,0.99622,0.99554,0.99562,0.99592,65590.79461432,139
2022-10-31 00:00:00,1667174400,0.9957,0.99669,0.99554,0.99599,0.99614,276255.4702264,435
2022-10-31 01:00:00,1667178000,0.99599,0.99633,0.99437,0.99491,0.99509,702642.09204986,663
2022-10-31 02:00:00,1667181600,0.9948,0.99574,0.99458,0.99574,0.99496,242023.67522734,286
2022-10-31 03:00:00,1667185200,0.99556,0.99658,0.99535,0.99654,0.99583,51953.63882896,199
2022-10-31 04:00:00,1667188800,0.9965,0.99668,0.99597,0.996,0.99633,272727.68527056,309
2022-10-31 05:00:00,1667192400,0.99624,0.99625,0.99454,0.99477,0.99548,319326.77965696,405
2022-10-31 06:00:00,1667196000,0.99482,0.99539,0.99392,0.99539,0.99467,1124455.06238119,693
2022-10-31 07:00:00,1667199600,0.9954,0.99551,0.993,0.993,0.99413,442351.75787699,562
2022-10-31 08:00:00,1667203200,0.99313,0.99334,0.99164,0.99243,0.99222,906546.12641451,584
2022-10-31 09:00:00,1667206800,0.9924,0.9949,0.99237,0.9949,0.99352,1221863.46958921,857
2022-10-31 10:00:00,1667210400,0.9949,0.9949,0.99287,0.9934,0.99373,959723.00716926,570
2022-10-31 11:00:00,1667214000,0.99335,0.99408,0.99269,0.99394,0.99334,507585.1321867,696
2022-10-31 12:00:00,1667217600,0.99387,0.99387,0.99113,0.99133,0.99298,950208.73223059,749
2022-10-31 13:00:00,1667221200,0.99122,0.99174,0.98893,0.98908,0.99001,758303.92110704,707
2022-10-31 14:00:00,1667224800,0.98902,0.9908,0.98828,0.98889,0.98948,1283336.32798949,1085
2022-10-31 15:00:00,1667228400,0.98902,0.98953,0.98757,0.98854,0.98869,1053811.27934881,626
2022-10-31 16:00:00,1667232000,0.98849,0.98916,0.98779,0.98779,0.98876,516577.56375399,740
2022-10-31 17:00:00,1667235600,0.98786,0.98859,0.98744,0.98859,0.98807,814732.87641389,648
2022-10-31 18:00:00,1667239200,0.98859,0.98952,0.98815,0.98887,0.98874,116349.31777336,256
2022-10-31 19:00:00,1667242800,0.98892,0.98892,0.98781,0.98839,0.98812,37828.71904763,139
2022-10-31 20:00:00,1667246400,0.98825,0.98879,0.98824,0.9886,0.9885,126700.96694825,454
2022-10-31 21:00:00,1667250000,0.98858,0.989,0.9884,0.9884,0.98846,148867.00590966,377
2022-10-31 22:00:00,1667253600,0.98848,0.98895,0.98839,0.98841,0.98852,305150.67064053,781
2022-10-31 23:00:00,1667257200,0.98862,0.98875,0.98837,0.9886,0.9886,68384.95930998,216
2022-11-01 00:00:00,1667260800,0.98849,0.98895,0.98824,0.98842,0.98867,184056.466965,481
2022-11-01 01:00:00,1667264400,0.98857,0.98977,0.98848,0.98957,0.98917,53252.31816857,247
2022-11-01 02:00:00,1667268000,0.98955,0.99176,0.98927,0.99053,0.99077,472236.65927628,274
2022-11-01 03:00:00,1667271600,0.99047,0.99059,0.98957,0.99031,0.9902,131526.63897991,192
2022-11-01 04:00:00,1667275200,0.9901,0.99077,0.99004,0.99052,0.99046,280560.66704708,387
2022-11-01 05:00:00,1667278800,0.99051,0.99257,0.99047,0.99227,0.99108,108238.95691146,333
2022-11-01 06:00:00,1667282400,0.99232,0.99373,0.99217,0.99308,0.99306,440316.8293952,375
2022-11-01 07:00:00,1667286000,0.99305,0.9936,0.99135,0.99324,0.99243,462566.1849021,425
2022-11-01 08:00:00,1667289600,0.9933,0.99497,0.99227,0.99281,0.99362,471860.78296082,392
2022-11-01 09:00:00,1667293200,0.99261,0.99344,0.99161,0.99322,0.99266,795268.5323254,677
2022-11-01 10:00:00,1667296800,0.99322,0.99406,0.99232,0.99341,0.99311,531379.13705428,494
2022-11-01 11:00:00,1667300400,0.99354,0.99415,0.99256,0.99338,0.99338,816381.86368875,501
2022-11-01 12:00:00,1667304000,0.99356,0.99462,0.99336,0.99387,0.99406,886117.50383472,719
2022-11-01 13:00:00,1667307600,0.99389,0.99497,0.9926,0.99331,0.99355,1135629.83136905,689
2022-11-01 14:00:00,1667311200,0.99338,0.99356,0.98589,0.98646,0.99005,1506035.97234026,883
2022-11-01 15:00:00,1667314800,0.98662,0.98816,0.986,0.98682,0.98674,812790.22476311,574
2022-11-01 16:00:00,1667318400,0.9868,0.99013,0.98517,0.98601,0.98731,1149562.30588181,1035
2022-11-01 17:00:00,1667322000,0.98603,0.98794,0.98564,0.98775,0.98663,178050.49151653,479
2022-11-01 18:00:00,1667325600,0.98782,0.98828,0.98747,0.98806,0.98793,373468.91173487,545
2022-11-01 19:00:00,1667329200,0.98799,0.98807,0.98718,0.98759,0.98758,289343.16064283,486
2022-11-01 20:00:00,1667332800,0.98758,0.98768,0.9871,0.9873,0.98729,59526.50283276,280
2022-11-01 21:00:00,1667336400,0.98736,0.98826,0.9872,0.98764,0.98757,241277.973172,401
2022-11-01 22:00:00,1667340000,0.98764,0.9879,0.9869,0.98734,0.98731,239311.18848741,367
2022-11-01 23:00:00,1667343600,0.98731,0.9878,0.98715,0.98762,0.98729,501744.37427395,413
2022-11-02 00:00:00,1667347200,0.98773,0.98852,0.98732,0.9885,0.9876,92880.63700004,286
2022-11-02 01:00:00,1667350800,0.9885,0.98873,0.98818,0.98872,0.9885,75333.80413644,144
2022-11-02 02:00:00,1667354400,0.98867,0.98961,0.98717,0.98938,0.9882,429432.74546408,658
2022-11-02 03:00:00,1667358000,0.98952,0.99015,0.98923,0.98948,0.98956,719361.77127471,480
2022-11-02 04:00:00,1667361600,0.98935,0.98939,0.98802,0.9886,0.98858,242221.2491916,365
2022-11-02 05:00:00,1667365200,0.9884,0.9892,0.98824,0.9887,0.98881,118789.00794169,242
2022-11-02 06:00:00,1667368800,0.98889,0.98903,0.9879,0.98801,0.98841,124096.97469596,262
2022-11-02 07:00:00,1667372400,0.98826,0.98852,0.98696,0.98831,0.98765,193571.82392665,463
2022-11-02 08:00:00,1667376000,0.9885,0.99054,0.9881,0.99006,0.98974,684265.05088065,654
2022-11-02 09:00:00,1667379600,0.99014,0.9904,0.98861,0.9902,0.98929,545235.97622291,620
2022-11-02 10:00:00,1667383200,0.9904,0.99082,0.98925,0.98991,0.98993,1043617.73661375,752
2022-11-02 11:00:00,1667386800,0.98992,0.99041,0.98881,0.98979,0.98958,1208217.94612158,688
2022-11-02 12:00:00,1667390400,0.98971,0.99049,0.98854,0.99043,0.98952,543665.46869209,614
2022-11-02 13:00:00,1667394000,0.99037,0.9911,0.98866,0.9892,0.99,353638.40397056,490
2022-11-02 14:00:00,1667397600,0.98901,0.98924,0.987,0.98721,0.98786,2002731.13074613,802
2022-11-02 15:00:00,1667401200,0.98718,0.98824,0.98633,0.98719,0.98726,1208748.84340018,689
2022-11-02 16:00:00,1667404800,0.98728,0.98753,0.9858,0.98678,0.9864,538947.93843469,515
2022-11-02 17:00:00,1667408400,0.9867,0.98899,0.98572,0.98757,0.98726,671299.64482259,545
2022-11-02 18:00:00,1667412000,0.98781,0.99724,0.98755,0.98873,0.99233,4821037.44736814,1664
2022-11-02 19:00:00,1667415600,0.98856,0.9903,0.98221,0.9832,0.98519,1253023.14720349,653
2022-11-02 20:00:00,1667419200,0.9831,0.98333,0.98073,0.98143,0.98206,1765319.47473034,431
2022-11-02 21:00:00,1667422800,0.98151,0.98206,0.98151,0.98206,0.98181,36192.89310157,132
2022-11-02 22:00:00,1667426400,0.98206,0.9831,0.9815,0.98189,0.98176,181103.53182088,171
2022-11-02 23:00:00,1667430000,0.98172,0.98207,0.98111,0.98167,0.98147,639088.49862215,430
2022-11-03 00:00:00,1667433600,0.9817,0.98235,0.9812,0.9823,0.98152,198965.3299531,364
2022-11-03 01:00:00,1667437200,0.98234,0.98401,0.98216,0.98326,0.98338,303870.35859887,317
2022-11-03 02:00:00,1667440800,0.98337,0.98407,0.9829,0.9829,0.98351,385650.01048596,675
2022-11-03 03:00:00,1667444400,0.98323,0.98345,0.9827,0.98334,0.98303,185465.58937342,347
2022-11-03 04:00:00,1667448000,0.98329,0.9838,0.98302,0.9837,0.98329,123738.9884224,281
2022-11-03 05:00:00,1667451600,0.9837,0.98385,0.98266,0.98292,0.98315,73183.66636615,343
2022-11-03 06:00:00,1667455200,0.98266,0.98276,0.98079,0.98091,0.98132,842995.78248637,651
2022-11-03 07:00:00,1667458800,0.98091,0.98095,0.97744,0.97831,0.97944,1296299.71738277,796
2022-11-03 08:00:00,1667462400,0.97841,0.97899,0.97624,0.97702,0.97766,1670047.77242386,779
2022-11-03 09:00:00,1667466000,0.9768,0.97715,0.9751,0.97535,0.97574,1297760.87128386,562
2022-11-03 10:00:00,1667469600,0.97557,0.9758,0.9734,0.97477,0.97437,478866.08884997,487
2022-11-03 11:00:00,1667473200,0.97477,0.97521,0.97388,0.9742,0.97443,334777.86613304,574
2022-11-03 12:00:00,1667476800,0.97436,0.97679,0.97388,0.97415,0.97496,2621508.4169032,1134
2022-11-03 13:00:00,1667480400,0.97415,0.97593,0.97362,0.97437,0.97464,1943787.16930807,964
2022-11-03 14:00:00,1667484000,0.97447,0.9793,0.97447,0.97833,0.97701,1469802.79301914,647
2022-11-03 15:00:00,1667487600,0.97832,0.97865,0.97539,0.97578,0.97759,1278732.82367902,468
2022-11-03 16:00:00,1667491200,0.97591,0.97711,0.97462,0.97512,0.97583,467418.26476264,399
2022-11-03 17:00:00,1667494800,0.97501,0.97555,0.9745,0.9748,0.9751,251898.46128785,413
2022-11-03 18:00:00,1667498400,0.97489,0.97574,0.9743,0.97523,0.97512,276895.78469758,576
2022-11-03 19:00:00,1667502000,0.97569,0.97636,0.97508,0.97526,0.97593,117829.36393909,288
2022-11-03 20:00:00,1667505600,0.97548,0.97556,0.97483,0.9753,0.97516,113205.44144782,364
2022-11-03 21:00:00,1667509200,0.97546,0.97571,0.97481,0.97562,0.97526,131788.12735293,421
2022-11-03 22:00:00,1667512800,0.97562,0.97623,0.97432,0.97503,0.97583,409297.50135034,433
2022-11-03 23:00:00,1667516400,0.9754,0.97545,0.97471,0.97493,0.97492,368266.44016037,399
2022-11-04 00:00:00,1667520000,0.97487,0.97598,0.97474,0.97529,0.97544,610935.22055283,695
2022-11-04 01:00:00,1667523600,0.97529,0.97662,0.9748,0.97635,0.97559,210202.0389409,464
2022-11-04 02:00:00,1667527200,0.97639,0.97693,0.97602,0.97668,0.97636,296434.19902375,469
2022-11-04 03:00:00,1667530800,0.97669,0.97732,0.97669,0.97732,0.97701,194350.25968452,207
2022-11-04 04:00:00,1667534400,0.97732,0.97883,0.97725,0.97865,0.97794,94461.56484421,251
2022-11-04 05:00:00,1667538000,0.97864,0.97899,0.97765,0.97765,0.97805,220499.92605915,311
2022-11-04 06:00:00,1667541600,0.97751,0.97935,0.9774,0.97815,0.97833,1230256.74450248,781
2022-11-04 07:00:00,1667545200,0.97813,0.97862,0.97591,0.97647,0.97741,937569.2773722,678
2022-11-04 08:00:00,1667548800,0.97663,0.97841,0.97663,0.97749,0.9777,505022.67429325,644
2022-11-04 09:00:00,1667552400,0.9776,0.97919,0.9771,0.97773,0.97819,1554808.85932232,993
2022-11-04 10:00:00,1667556000,0.97773,0.97947,0.97754,0.97925,0.97856,1614146.08810619,950
2022-11-04 11:00:00,1667559600,0.97925,0.98081,0.97882,0.97987,0.97976,1548305.09845171,852
2022-11-04 12:00:00,1667563200,0.97988,0.98451,0.97591,0.98445,0.97885,1788562.49604061,989
2022-11-04 13:00:00,1667566800,0.98442,0.98758,0.98381,0.98621,0.98624,1236565.61054906,1064
2022-11-04 14:00:00,1667570400,0.98642,0.99368,0.98581,0.9923,0.99073,1691950.72263178,1296
2022-11-04 15:00:00,1667574000,0.99254,0.99283,0.98856,0.98925,0.99057,1405915.73489649,888
2022-11-04 16:00:00,1667577600,0.98925,0.99112,0.98841,0.99112,0.98992,1173137.38634723,1039
2022-11-04 17:00:00,1667581200,0.99091,0.9924,0.99081,0.99192,0.99159,566162.01916252,487
2022-11-04 18:00:00,1667584800,0.99197,0.99447,0.99109,0.99439,0.99293,1459097.92652845,803
2022-11-04 19:00:00,1667588400,0.9943,0.99612,0.99411,0.99577,0.99532,613914.49123592,663
2022-11-04 20:00:00,1667592000,0.99575,0.9959,0.99525,0.9956,0.99568,245666.54790678,342
2022-11-04 21:00:00,1667595600,0.99561,0.99614,0.99534,0.99611,0.99591,315765.05949038,368
2022-11-04 22:00:00,1667599200,0.99611,0.99614,0.99506,0.99594,0.99556,230784.97782862,405
2022-11-04 23:00:00,1667602800,0.99594,0.99599,0.99538,0.99542,0.99551,68800.16751546,114
2022-11-05 00:00:00,1667606400,0.99549,0.99784,0.99532,0.996,0.99634,1251310.59293896,1008
2022-11-05 01:00:00,1667610000,0.99644,0.99654,0.99586,0.9964,0.99616,66795.5003694,129
2022-11-05 02:00:00,1667613600,0.99633,0.99652,0.99585,0.99587,0.99621,60001.33187419,246
2022-11-05 03:00:00,1667617200,0.99623,0.9965,0.99586,0.99617,0.99637,62720.61904424,99
2022-11-05 04:00:00,1667620800,0.9965,0.9965,0.99591,0.99591,0.99621,22401.89037743,82
2022-11-05 05:00:00,1667624400,0.99591,0.99657,0.99591,0.9961,0.99633,23693.22823354,128
2022-11-05 06:00:00,1667628000,0.99649,0.99649,0.99592,0.99596,0.99619,16259.61903129,75
2022-11-05 07:00:00,1667631600,0.99593,0.9964,0.99589,0.99591,0.99596,34758.59061597,68
2022-11-05 08:00:00,1667635200,0.99591,0.99641,0.99591,0.99591,0.996,55636.78453066,83
2022-11-05 09:00:00,1667638800,0.99591,0.9965,0.99586,0.99591,0.99612,33980.63979353,88
2022-11-05 10:00:00,1667642400,0.99631,0.99644,0.99572,0.99593,0.99592,37978.49455385,78
2022-11-05 11:00:00,1667646000,0.99593,0.99633,0.99581,0.99583,0.99601,57821.17208298,77
2022-11-05 12:00:00,1667649600,0.99628,0.99639,0.99573,0.99581,0.99595,146007.38226624,193
2022-11-05 13:00:00,1667653200,0.99581,0.99616,0.9955,0.99571,0.9959,94903.47796172,120
2022-11-05 14:00:00,1667656800,0.99571,0.99615,0.99552,0.99586,0.99581,146955.69030379,179
2022-11-05 15:00:00,1667660400,0.99586,0.99629,0.99572,0.99629,0.99606,284481.77453735,470
2022-11-05 16:00:00,1667664000,0.99632,0.99649,0.99586,0.99639,0.99613,67525.07563669,236
2022-11-05 17:00:00,1667667600,0.99638,0.99672,0.99609,0.99609,0.99648,262178.98907273,369
2022-11-05 18:00:00,1667671200,0.99657,0.99668,0.99612,0.99613,0.99629,120742.82925525,247
2022-11-05 19:00:00,1667674800,0.99613,0.99657,0.99612,0.99612,0.99631,28455.26763299,98
2022-11-05 20:00:00,1667678400,0.9965,0.9966,0.99611,0.99612,0.99635,18420.55321052,72
2022-11-05 21:00:00,1667682000,0.99657,0.9966,0.99608,0.9964,0.99618,17351.23464775,103
2022-11-05 22:00:00,1667685600,0.99612,0.9966,0.9961,0.9961,0.99619,29907.40162938,75
2022-11-05 23:00:00,1667689200,0.9961,0.99659,0.9959,0.99594,0.99619,80185.6311802,229
2022-11-06 00:00:00,1667692800,0.9964,0.9965,0.99594,0.99636,0.99621,52483.20666722,93
2022-11-06 01:00:00,1667696400,0.99602,0.99647,0.99582,0.99582,0.99603,74406.30873875,235
2022-11-06 02:00:00,1667700000,0.99585,0.99631,0.99579,0.99591,0.99588,132660.55034805,155
2022-11-06 03:00:00,1667703600,0.9959,0.99634,0.99582,0.99602,0.99594,117639.01086782,136
2022-11-06 04:00:00,1667707200,0.996,0.99624,0.99591,0.99618,0.99604,28432.00626824,61
2022-11-06 05:00:00,1667710800,0.99604,0.99616,0.99584,0.99609,0.99597,64210.13680937,121
2022-11-06 06:00:00,1667714400,0.99586,0.99628,0.99582,0.99601,0.99604,77446.39606465,164
2022-11-06 07:00:00,1667718000,0.99601,0.99621,0.99543,0.99559,0.99558,302726.77439342,497
2022-11-06 08:00:00,1667721600,0.99559,0.99577,0.99538,0.99568,0.99558,173936.36051533,251
2022-11-06 09:00:00,1667725200,0.99569,0.99576,0.99533,0.99536,0.99546,157326.19714686,232
2022-11-06 10:00:00,1667728800,0.99538,0.99556,0.99533,0.99553,0.99541,49879.80726912,175
2022-11-06 11:00:00,1667732400,0.99556,0.99589,0.995,0.99542,0.99536,134219.31051178,327
2022-11-06 12:00:00,1667736000,0.99542,0.99563,0.99521,0.99539,0.99529,82035.65213376,182
2022-11-06 13:00:00,1667739600,0.9954,0.99558,0.99523,0.99532,0.99544,57230.72225041,97
2022-11-06 14:00:00,1667743200,0.99532,0.99565,0.99521,0.99537,0.99539,239482.91993757,253
2022-11-06 15:00:00,1667746800,0.9954,0.99564,0.99523,0.9956,0.99539,121754.43407818,160
2022-11-06 16:00:00,1667750400,0.99557,0.996,0.99518,0.9959,0.99535,162693.03170943,282
2022-11-06 17:00:00,1667754000,0.99589,0.99621,0.9953,0.99584,0.99579,100709.19865078,196
2022-11-06 18:00:00,1667757600,0.99582,0.99584,0.99249,0.99289,0.99421,5651179.4313964,1279
2022-11-06 19:00:00,1667761200,0.9932,0.9932,0.99236,0.99314,0.99272,241807.25912801,148
2022-11-06 20:00:00,1667764800,0.993,0.99315,0.99212,0.99241,0.99251,163023.71407182,204
2022-11-06 21:00:00,1667768400,0.99237,0.9924,0.99006,0.99136,0.99082,269102.64075606,279
2022-11-06 22:00:00,1667772000,0.99136,0.99236,0.98987,0.99166,0.99077,1086390.30063232,837
2022-11-06 23:00:00,1667775600,0.992,0.9936,0.99131,0.99263,0.99258,726929.53071158,929
2022-11-07 00:00:00,1667779200,0.99278,0.99433,0.99252,0.99265,0.99339,643178.96324146,560
2022-11-07 01:00:00,1667782800,0.99282,0.99374,0.9916,0.99313,0.99261,230675.92499435,258
2022-11-07 02:00:00,1667786400,0.99313,0.9938,0.99277,0.99357,0.99328,333005.04749737,310
2022-11-07 03:00:00,1667790000,0.99359,0.99452,0.99261,0.99373,0.99375,248181.13411177,355
2022-11-07 04:00:00,1667793600,0.99371,0.99421,0.9934,0.99399,0.99377,333944.45321944,466
2022-11-07 05:00:00,1667797200,0.99387,0.99531,0.99383,0.99434,0.99464,472117.61052491,359
2022-11-07 06:00:00,1667800800,0.99453,0.99488,0.99394,0.99407,0.99443,550578.78661851,585
2022-11-07 07:00:00,1667804400,0.99413,0.99456,0.99232,0.99283,0.99308,877173.45874703,1320
2022-11-07 08:00:00,1667808000,0.99268,0.99899,0.99252,0.99873,0.99639,1478739.68088059,1093
2022-11-07 09:00:00,1667811600,0.99868,1.00035,0.99789,0.99842,0.99932,1055270.26059431,692
2022-11-07 10:00:00,1667815200,0.9983,0.99934,0.9979,0.99791,0.99853,2872686.247209,998
2022-11-07 11:00:00,1667818800,0.99819,0.99891,0.99741,0.99796,0.99809,1086880.09529861,568
2022-11-07 12:00:00,1667822400,0.99798,0.9987,0.99672,0.99868,0.99767,813734.62032493,876
2022-11-07 13:00:00,1667826000,0.99868,0.99966,0.99751,0.9991,0.99868,927466.45957214,667
2022-11-07 14:00:00,1667829600,0.99926,1.00051,0.99785,0.99868,0.99947,593600.7460359,788
2022-11-07 15:00:00,1667833200,0.99886,1.0,0.9977,0.9997,0.99913,546944.26244161,578
2022-11-07 16:00:00,1667836800,0.99993,1.0,0.99848,0.99931,0.99929,557213.8063436,467
2022-11-07 17:00:00,1667840400,0.99926,1.0022,0.99901,1.00131,1.00095,834900.76851787,636
2022-11-07 18:00:00,1667844000,1.00125,1.00286,1.00107,1.00286,1.00184,655991.17011822,1187
2022-11-07 19:00:00,1667847600,1.00275,1.00334,1.00223,1.00234,1.00278,674799.28441337,629
2022-11-07 20:00:00,1667851200,1.00224,1.00285,1.00158,1.00158,1.00239,132367.13019257,581
2022-11-07 21:00:00,1667854800,1.00158,1.00226,1.00121,1.00196,1.00182,304876.63949494,516
2022-11-07 22:00:00,1667858400,1.00196,1.00232,1.00103,1.00122,1.00164,468592.7138665,814
2022-11-07 23:00:00,1667862000,1.00133,1.00187,1.00117,1.00163,1.00157,135106.91743805,294
2022-11-08 00:00:00,1667865600,1.00153,1.00273,1.00105,1.00231,1.00182,357949.70723638,504
2022-11-08 01:00:00,1667869200,1.00232,1.00248,1.00106,1.00138,1.00169,89927.45876563,299
2022-11-08 02:00:00,1667872800,1.00107,1.0013,1.00042,1.00056,1.00079,98232.68504751,278
2022-11-08 03:00:00,1667876400,1.00048,1.00124,1.00031,1.00092,1.00092,1614574.57692616,1787
2022-11-08 04:00:00,1667880000,1.0011,1.00118,0.99993,1.00028,1.00059,1926481.73743906,2525
2022-11-08 05:00:00,1667883600,1.00042,1.00059,0.99908,0.9991,0.99974,729475.97517275,1348
2022-11-08 06:00:00,1667887200,0.9991,1.0002,0.9986,0.99864,0.99954,388122.51057151,801
2022-11-08 07:00:00,1667890800,0.99906,0.99953,0.99784,0.99913,0.99879,398877.18331001,636
2022-11-08 08:00:00,1667894400,0.9992,0.99998,0.99764,0.99809,0.99886,639829.79513807,796
2022-11-08 09:00:00,1667898000,0.998,0.99989,0.9971,0.99986,0.99905,3609422.46810204,1537
2022-11-08 10:00:00,1667901600,0.9999,1.0,0.99885,0.99909,0.99946,1407589.45058382,1084
2022-11-08 11:00:00,1667905200,0.99916,1.00059,0.99871,0.9996,0.99967,2719755.99763684,2021
2022-11-08 12:00:00,1667908800,0.99952,0.99992,0.99832,0.99903,0.99918,1215484.79794537,1032
2022-11-08 13:00:00,1667912400,0.99905,1.0001,0.99893,0.99964,0.99951,935622.0618013,781
2022-11-08 14:00:00,1667916000,0.99964,1.001,0.99953,1.00079,1.00012,1565890.61259966,1445
2022-11-08 15:00:00,1667919600,1.0008,1.00698,1.0008,1.0064,1.005,2011855.3826253,1190
2022-11-08 16:00:00,1667923200,1.0064,1.0089,1.0058,1.0082,1.00731,3746086.6621108,4236
2022-11-08 17:00:00,1667926800,1.00828,1.009,1.0077,1.00863,1.00835,2391733.59956477,2819
2022-11-08 18:00:00,1667930400,1.00822,1.00942,1.00139,1.00552,1.00682,2923003.49096972,4512
2022-11-08 19:00:00,1667934000,1.00551,1.0062,0.98905,1.0025,1.00227,4582932.34588976,8741
2022-11-08 20:00:00,1667937600,1.0024,1.00647,0.99874,1.0048,1.0032,3555947.23733386,4648
2022-11-08 21:00:00,1667941200,1.0048,1.00637,1.00039,1.0044,1.00461,3032285.29307041,3179
2022-11-08 22:00:00,1667944800,1.00441,1.00747,0.99707,1.0046,1.00404,3317388.60560909,3739
2022-11-08 23:00:00,1667948400,1.0046,1.00533,1.00422,1.00492,1.00474,491200.46325982,1079
2022-11-09 00:00:00,1667952000,1.00499,1.00599,1.00344,1.00399,1.00431,375579.89531029,954
2022-11-09 01:00:00,1667955600,1.00396,1.00486,1.00322,1.00406,1.00416,303390.92525192,711
2022-11-09 02:00:00,1667959200,1.0041,1.0063,1.00373,1.00614,1.0057,2292718.78562668,1276
2022-11-09 03:00:00,1667962800,1.00615,1.00673,1.005,1.00541,1.00605,1117399.3932526,1376
2022-11-09 04:00:00,1667966400,1.00539,1.00559,1.00468,1.0051,1.00512,375583.65323494,841
2022-11-09 05:00:00,1667970000,1.00515,1.00569,1.00457,1.00526,1.00523,414196.40996181,1741
2022-11-09 06:00:00,1667973600,1.00515,1.00548,1.00374,1.00402,1.00435,993767.95926863,2093
2022-11-09 07:00:00,1667977200,1.00419,1.00557,1.00395,1.00397,1.00476,1512564.78725332,1819
2022-11-09 08:00:00,1667980800,1.00444,1.00647,1.00406,1.00546,1.00573,2733407.10256447,3157
2022-11-09 09:00:00,1667984400,1.00546,1.00574,1.00236,1.00368,1.0048,3492705.01676434,4364
2022-11-09 10:00:00,1667988000,1.00368,1.00428,1.00209,1.00345,1.00348,5100135.0686609,4121
2022-11-09 11:00:00,1667991600,1.00342,1.00602,1.003,1.0042,1.00444,4099819.44131947,4025
2022-11-09 12:00:00,1667995200,1.0042,1.00514,1.003,1.0039,1.00366,5445095.3040244,4969
2022-11-09 13:00:00,1667998800,1.00391,1.00412,0.99993,1.00175,1.00225,5482561.45799769,9340
2022-11-09 14:00:00,1668002400,1.00175,1.00354,0.99882,0.99986,1.00219,5530336.52244634,6672
2022-11-09 15:00:00,1668006000,0.9989,1.00782,0.9989,1.00201,1.00396,9799953.05093448,5014
2022-11-09 16:00:00,1668009600,1.00201,1.00493,1.00201,1.00357,1.00316,3869661.77528837,3788
2022-11-09 17:00:00,1668013200,1.00355,1.00409,1.0019,1.0023,1.00274,2187883.65809908,2119
2022-11-09 18:00:00,1668016800,1.00231,1.00528,1.0,1.0009,1.00163,4019229.67553092,3572
2022-11-09 19:00:00,1668020400,1.0009,1.0012,0.99877,0.99993,1.00014,2713076.23443641,2570
2022-11-09 20:00:00,1668024000,1.00001,1.00161,0.99993,1.00078,1.0009,5939196.66166543,3889
2022-11-09 21:00:00,1668027600,1.00067,1.00148,0.99823,1.00072,1.00058,2363677.34297094,4086
2022-11-09 22:00:00,1668031200,1.00072,1.00129,0.99946,1.001,1.00041,2784210.09640995,3700
2022-11-09 23:00:00,1668034800,1.001,1.00166,1.00056,1.00166,1.0011,1977658.9422678,2327
2022-11-10 00:00:00,1668038400,1.00166,1.00301,1.001,1.00161,1.0018,1771827.99466757,2096
2022-11-10 01:00:00,1668042000,1.00161,1.00269,1.00145,1.0019,1.00208,614675.25786201,1302
2022-11-10 02:00:00,1668045600,1.00198,1.0022,1.00056,1.00131,1.00121,520270.92018838,1120
2022-11-10 03:00:00,1668049200,1.00133,1.00256,1.00109,1.00234,1.00204,500967.4263906,1223
2022-11-10 04:00:00,1668052800,1.00238,1.00266,1.00184,1.00236,1.00213,775020.92913329,1136
2022-11-10 05:00:00,1668056400,1.00236,1.00339,1.00215,1.00291,1.00292,703104.16746519,1346
2022-11-10 06:00:00,1668060000,1.0029,1.00352,1.00198,1.00213,1.00285,2802592.79485879,2780
2022-11-10 07:00:00,1668063600,1.00215,1.00215,0.99892,0.99902,1.00026,3576555.06345592,2669
2022-11-10 08:00:00,1668067200,0.99899,1.00067,0.99805,0.99855,0.99935,2151436.34606683,2668
2022-11-10 09:00:00,1668070800,0.99854,0.99856,0.99524,0.99551,0.99698,3090937.77273183,3246
2022-11-10 10:00:00,1668074400,0.9955,0.99661,0.9938,0.99516,0.99514,3005354.49113163,3091
2022-11-10 11:00:00,1668078000,0.99516,0.9956,0.9933,0.9944,0.99462,2321608.16261101,2787
2022-11-10 12:00:00,1668081600,0.9944,0.99494,0.9928,0.99456,0.99406,8806480.61900058,5054
2022-11-10 13:00:00,1668085200,0.99432,1.015,0.99384,1.01218,1.00326,13513622.57306529,7205
2022-11-10 14:00:00,1668088800,1.01229,1.01539,1.01016,1.01352,1.01297,7742713.94755676,3978
2022-11-10 15:00:00,1668092400,1.01357,1.01779,1.0132,1.01749,1.01511,4395596.94888298,3960
2022-11-10 16:00:00,1668096000,1.01741,1.01772,1.01381,1.01579,1.01558,3258589.5764139,2352
2022-11-10 17:00:00,1668099600,1.01557,1.01602,1.01169,1.01269,1.01374,1657144.26695558,2134
2022-11-10 18:00:00,1668103200,1.01269,1.01551,1.01233,1.01495,1.01392,2150420.79927257,2631
2022-11-10 19:00:00,1668106800,1.01516,1.0185,1.01516,1.01789,1.01672,644461.8468457,976
2022-11-10 20:00:00,1668110400,1.01789,1.01936,1.01731,1.01906,1.01839,1379241.53304338,1381
2022-11-10 21:00:00,1668114000,1.01917,1.02253,1.01892,1.02088,1.02114,3611781.69488853,2202
2022-11-10 22:00:00,1668117600,1.02135,1.02139,1.0184,1.01928,1.01965,2172313.23759681,1286
2022-11-10 23:00:00,1668121200,1.0191,1.01929,1.01772,1.01851,1.01865,1304365.40841788,1115
2022-11-11 00:00:00,1668124800,1.01838,1.01853,1.01645,1.0174,1.01737,728015.141146,716
2022-11-11 01:00:00,1668128400,1.01741,1.01826,1.01514,1.01544,1.01638,613610.09811548,794
2022-11-11 02:00:00,1668132000,1.01575,1.01846,1.01545,1.01831,1.0169,250585.57003433,700
2022-11-11 03:00:00,1668135600,1.01825,1.01837,1.01692,1.01709,1.01772,462908.48245347,565
2022-11-11 04:00:00,1668139200,1.01694,1.01807,1.01633,1.01793,1.01706,86425.67701388,459
2022-11-11 05:00:00,1668142800,1.018,1.0213,1.01765,1.02086,1.01963,595108.13215547,533
2022-11-11 06:00:00,1668146400,1.02088,1.02252,1.02037,1.02128,1.02095,1196521.32284477,927
2022-11-11 07:00:00,1668150000,1.02133,1.02471,1.0207,1.02404,1.02212,1242017.59736845,823
2022-11-11 08:00:00,1668153600,1.02406,1.02694,1.02234,1.02632,1.024,1079905.19582536,959
2022-11-11 09:00:00,1668157200,1.02636,1.02651,1.02135,1.02601,1.02411,845529.69398677,739
2022-11-11 10:00:00,1668160800,1.02602,1.02746,1.02445,1.02445,1.02622,1052936.27841978,962
2022-11-11 11:00:00,1668164400,1.02494,1.02888,1.02485,1.02824,1.0267,1920398.68533695,1053
2022-11-11 12:00:00,1668168000,1.02818,1.03099,1.0279,1.03099,1.02898,1685831.33620239,1627
2022-11-11 13:00:00,1668171600,1.03054,1.03204,1.02997,1.03062,1.03105,3186981.37312822,2087
2022-11-11 14:00:00,1668175200,1.0308,1.0316,1.02605,1.02824,1.0289,4978777.52788354,4845
2022-11-11 15:00:00,1668178800,1.02822,1.03233,1.02718,1.0321,1.02974,3370130.51842884,2668
2022-11-11 16:00:00,1668182400,1.03211,1.03343,1.03083,1.03267,1.03227,2167699.23542479,2115
2022-11-11 17:00:00,1668186000,1.03298,1.03451,1.03224,1.03372,1.03305,818465.62693854,1184
2022-11-11 18:00:00,1668189600,1.03375,1.03523,1.0334,1.03523,1.03442,828239.14283088,1272
2022-11-11 19:00:00,1668193200,1.03498,1.03579,1.03458,1.03552,1.0352,614056.23576468,1052
2022-11-11 20:00:00,1668196800,1.03578,1.03589,1.03422,1.03521,1.03525,750750.49479884,928
2022-11-11 21:00:00,1668200400,1.03524,1.03602,1.03489,1.03529,1.03544,1673571.64605914,1506
2022-11-11 22:00:00,1668204000,1.03534,1.0364,1.03531,1.03591,1.03587,384706.96543678,633
2022-11-11 23:00:00,1668207600,1.03591,1.03672,1.03509,1.03604,1.0362,661996.56895825,1245
2022-11-12 00:00:00,1668211200,1.03605,1.0389,1.03596,1.03702,1.0369,516004.91229626,604
2022-11-12 01:00:00,1668214800,1.03702,1.03723,1.03595,1.03595,1.03656,139205.77048096,371
2022-11-12 02:00:00,1668218400,1.03652,1.03672,1.03607,1.03643,1.03649,95142.42093348,382
2022-11-12 03:00:00,1668222000,1.03643,1.03665,1.03585,1.03585,1.0361,75271.24618118,362
2022-11-12 04:00:00,1668225600,1.03585,1.0362,1.03522,1.0353,1.03575,242101.43494092,777
2022-11-12 05:00:00,1668229200,1.03533,1.036,1.0352,1.03528,1.03545,238174.42312944,813
2022-11-12 06:00:00,1668232800,1.03529,1.0357,1.0351,1.03519,1.03525,217520.59686583,651
2022-11-12 07:00:00,1668236400,1.03519,1.03555,1.03507,1.03517,1.0352,449766.35267283,670
2022-11-12 08:00:00,1668240000,1.03516,1.03544,1.03508,1.03513,1.03521,377510.4142362,659
2022-11-12 09:00:00,1668243600,1.03513,1.03636,1.03505,1.03524,1.03544,326534.27482737,528
2022-11-12 10:00:00,1668247200,1.03522,1.03559,1.03501,1.03501,1.03519,187618.84552849,547
2022-11-12 11:00:00,1668250800,1.03501,1.03533,1.03498,1.03528,1.03513,195694.90517665,429
2022-11-12 12:00:00,1668254400,1.03509,1.03604,1.03486,1.0356,1.03548,517534.95067249,551
2022-11-12 13:00:00,1668258000,1.03551,1.03985,1.03545,1.03565,1.03679,884641.72415124,414
2022-11-12 14:00:00,1668261600,1.03571,1.0374,1.03486,1.03645,1.03594,1782808.26478592,1105
2022-11-12 15:00:00,1668265200,1.03708,1.03768,1.03653,1.03698,1.03695,420412.48538006,545
2022-11-12 16:00:00,1668268800,1.03698,1.03908,1.03642,1.03695,1.03729,548491.33057504,461
2022-11-12 17:00:00,1668272400,1.03692,1.03798,1.0364,1.03782,1.03677,417709.22159874,391
2022-11-12 18:00:00,1668276000,1.03782,1.0382,1.03744,1.03813,1.03785,159458.70784597,243
2022-11-12 19:00:00,1668279600,1.03771,1.0384,1.03771,1.03773,1.03817,372271.8120784,387
2022-11-12 20:00:00,1668283200,1.03773,1.03901,1.03743,1.03771,1.03795,116393.20077137,171
2022-11-12 21:00:00,1668286800,1.03771,1.0382,1.03731,1.03744,1.03781,51989.62299554,166
2022-11-12 22:00:00,1668290400,1.03744,1.03785,1.037,1.037,1.03734,36801.11982293,121
2022-11-12 23:00:00,1668294000,1.037,1.03729,1.03642,1.03672,1.03675,66545.97350147,218
2022-11-13 00:00:00,1668297600,1.03672,1.03744,1.03672,1.03683,1.03712,42675.43204918,137
2022-11-13 01:00:00,1668301200,1.03683,1.0378,1.0366,1.03758,1.03712,98279.36050376,153
2022-11-13 02:00:00,1668304800,1.03735,1.0424,1.03725,1.03771,1.03963,706833.77008507,282
2022-11-13 03:00:00,1668308400,1.03771,1.03783,1.0373,1.03766,1.03755,300554.52383693,272
2022-11-13 04:00:00,1668312000,1.03766,1.03784,1.03732,1.03755,1.03759,72463.66586669,199
2022-11-13 05:00:00,1668315600,1.03754,1.03782,1.03735,1.03752,1.03754,42569.22239767,105
2022-11-13 06:00:00,1668319200,1.03754,1.03768,1.03734,1.03734,1.03749,74240.43363264,265
2022-11-13 07:00:00,1668322800,1.03734,1.03739,1.03657,1.03695,1.03704,170684.68080039,462
2022-11-13 08:00:00,1668326400,1.03721,1.03743,1.03663,1.03671,1.03702,124874.97393184,467
2022-11-13 09:00:00,1668330000,1.03671,1.0376,1.03556,1.03678,1.03674,463693.2305033,822
2022-11-13 10:00:00,1668333600,1.0368,1.0388,1.03672,1.03813,1.03765,491287.52529056,586
2022-11-13 11:00:00,1668337200,1.03782,1.0412,1.03749,1.03826,1.03903,452345.57974405,567
2022-11-13 12:00:00,1668340800,1.03854,1.0411,1.0382,1.03902,1.03918,611663.28951224,612
2022-11-13 13:00:00,1668344400,1.03882,1.04239,1.03811,1.03854,1.03947,523156.27006629,808
2022-11-13 14:00:00,1668348000,1.03904,1.04009,1.03853,1.03874,1.03917,130354.75137993,547
2022-11-13 15:00:00,1668351600,1.03902,1.03919,1.03857,1.0387,1.03886,285382.61324306,724
2022-11-13 16:00:00,1668355200,1.03904,1.03913,1.03861,1.03872,1.03908,650890.95061116,945
2022-11-13 17:00:00,1668358800,1.03902,1.03913,1.03844,1.03852,1.03877,183588.54698153,503
2022-11-13 18:00:00,1668362400,1.03852,1.0417,1.03851,1.03912,1.03932,473408.94487666,914
2022-11-13 19:00:00,1668366000,1.03911,1.0407,1.03851,1.03895,1.03942,387980.61594066,514
2022-11-13 20:00:00,1668369600,1.03895,1.04011,1.0374,1.03929,1.03872,398244.50501203,837
2022-11-13 21:00:00,1668373200,1.03874,1.0413,1.0375,1.03803,1.03874,730181.95326464,528
2022-11-13 22:00:00,1668376800,1.03826,1.03843,1.03212,1.03308,1.03401,650630.51558818,687
2022-11-13 23:00:00,1668380400,1.0331,1.0373,1.03236,1.03378,1.03384,1207150.11044367,1132
2022-11-14 00:00:00,1668384000,1.03318,1.03619,1.03299,1.0342,1.03432,545724.49920969,706
2022-11-14 01:00:00,1668387600,1.03377,1.0359,1.03297,1.03297,1.03418,191031.17966674,238
2022-11-14 02:00:00,1668391200,1.03319,1.03389,1.03214,1.03341,1.03302,158251.66669966,169
2022-11-14 03:00:00,1668394800,1.03299,1.03419,1.03292,1.03338,1.03333,68940.98411255,129
2022-11-14 04:00:00,1668398400,1.0335,1.03351,1.03094,1.03235,1.03166,81330.62541001,245
2022-11-14 05:00:00,1668402000,1.03128,1.03202,1.03039,1.031,1.03126,72920.75066386,323
2022-11-14 06:00:00,1668405600,1.03044,1.03435,1.0304,1.03311,1.03321,377105.62327261,844
2022-11-14 07:00:00,1668409200,1.03312,1.0339,1.03218,1.03372,1.0332,652875.1840416,1264
2022-11-14 08:00:00,1668412800,1.03373,1.037,1.03315,1.03511,1.03476,1149788.61906601,702
2022-11-14 09:00:00,1668416400,1.03511,1.03511,1.03151,1.03217,1.03371,1901555.70535516,1342
2022-11-14 10:00:00,1668420000,1.03288,1.03377,1.02981,1.0309,1.03164,1164293.0228039,760
2022-11-14 11:00:00,1668423600,1.0309,1.03139,1.02864,1.02939,1.02959,859080.65460861,1053
2022-11-14 12:00:00,1668427200,1.02937,1.03292,1.02901,1.03292,1.02943,234689.58556748,420
2022-11-14 13:00:00,1668430800,1.03385,1.03385,1.03118,1.03181,1.03219,1354306.95153631,1638
2022-11-14 14:00:00,1668434400,1.03175,1.03269,1.03019,1.0314,1.03134,846196.58758907,1251
2022-11-14 15:00:00,1668438000,1.03264,1.0336,1.03179,1.03301,1.0325,1529014.91047764,1116
2022-11-14 16:00:00,1668441600,1.03292,1.03512,1.0323,1.03312,1.03407,1640853.34467512,729
2022-11-14 17:00:00,1668445200,1.03364,1.03489,1.03298,1.03325,1.03396,885763.45212907,425
2022-11-14 18:00:00,1668448800,1.03321,1.03529,1.03306,1.035,1.0343,454515.60587327,412
2022-11-14 19:00:00,1668452400,1.03511,1.03589,1.03435,1.03491,1.03509,365605.12887331,463
2022-11-14 20:00:00,1668456000,1.035,1.03519,1.033,1.033,1.03419,538549.27545669,445
2022-11-14 21:00:00,1668459600,1.03306,1.0335,1.03259,1.03289,1.03311,622973.35254192,470
2022-11-14 22:00:00,1668463200,1.03289,1.03389,1.03273,1.03273,1.03291,266543.42010037,211
2022-11-14 23:00:00,1668466800,1.0326,1.0332,1.03181,1.03255,1.03254,229167.97265747,280
2022-11-15 00:00:00,1668470400,1.03271,1.03284,1.03161,1.03199,1.03224,398805.89585416,226
2022-11-15 01:00:00,1668474000,1.03226,1.03284,1.03158,1.03226,1.03234,133979.49033088,190
2022-11-15 02:00:00,1668477600,1.03215,1.03303,1.03152,1.03221,1.03241,484229.45743188,313
2022-11-15 03:00:00,1668481200,1.03235,1.03284,1.03169,1.03221,1.03252,348927.58479866,237
2022-11-15 04:00:00,1668484800,1.03241,1.03267,1.03191,1.03244,1.03227,462850.6183736,324
2022-11-15 05:00:00,1668488400,1.03258,1.03382,1.03249,1.03363,1.03321,1114716.67192286,928
2022-11-15 06:00:00,1668492000,1.03336,1.03455,1.03323,1.03445,1.03386,434345.01384121,205
2022-11-15 07:00:00,1668495600,1.03459,1.04146,1.03429,1.04039,1.03824,1284381.91152741,642
2022-11-15 08:00:00,1668499200,1.04045,1.04166,1.03924,1.04021,1.04033,832764.78755929,1005
2022-11-15 09:00:00,1668502800,1.04048,1.04094,1.03897,1.04019,1.0398,844241.66050544,672
2022-11-15 10:00:00,1668506400,1.04029,1.04361,1.0398,1.04328,1.04113,1459492.10360131,469
2022-11-15 11:00:00,1668510000,1.04309,1.04376,1.041,1.04138,1.04215,1452314.24694345,748
2022-11-15 12:00:00,1668513600,1.0413,1.04169,1.0399,1.04081,1.04061,643101.23193655,535
2022-11-15 13:00:00,1668517200,1.04063,1.04746,1.03948,1.04286,1.04254,6515642.55644965,2163
2022-11-15 14:00:00,1668520800,1.04289,1.04336,1.03666,1.0384,1.04011,1943571.13123156,1170
2022-11-15 15:00:00,1668524400,1.03868,1.04108,1.03603,1.03701,1.03886,2814680.72635876,1321
2022-11-15 16:00:00,1668528000,1.03689,1.03855,1.03606,1.03687,1.0376,750496.34828666,679
2022-11-15 17:00:00,1668531600,1.03686,1.03818,1.03463,1.0381,1.03641,1350758.31364648,667
2022-11-15 18:00:00,1668535200,1.03788,1.03837,1.02906,1.0306,1.03164,1402178.292342,840
2022-11-15 19:00:00,1668538800,1.03075,1.03628,1.02754,1.03618,1.03092,1793940.49977332,1150
2022-11-15 20:00:00,1668542400,1.0363,1.0373,1.03503,1.03537,1.03632,888153.65649833,652
2022-11-15 21:00:00,1668546000,1.03511,1.0355,1.03404,1.03441,1.03461,331999.53865881,783
2022-11-15 22:00:00,1668549600,1.03438,1.03492,1.0342,1.03431,1.03451,127330.23277911,301
2022-11-15 23:00:00,1668553200,1.03431,1.03592,1.03393,1.03586,1.03426,1196527.85824258,396
2022-11-16 00:00:00,1668556800,1.03569,1.03601,1.03383,1.03444,1.03427,597379.55051383,331
2022-11-16 01:00:00,1668560400,1.03444,1.03497,1.03338,1.03439,1.03364,933407.32799994,522
2022-11-16 02:00:00,1668564000,1.03444,1.0387,1.03444,1.03774,1.03656,880049.96447797,1163
2022-11-16 03:00:00,1668567600,1.03779,1.03779,1.03539,1.03539,1.03616,265594.21089474,617
2022-11-16 04:00:00,1668571200,1.03548,1.03571,1.03407,1.03474,1.03485,79972.93976574,453
2022-11-16 05:00:00,1668574800,1.03466,1.03775,1.03434,1.03745,1.03611,191003.70426822,675
2022-11-16 06:00:00,1668578400,1.03778,1.03872,1.03664,1.03782,1.03754,231023.5630374,1179
2022-11-16 07:00:00,1668582000,1.03786,1.04129,1.03763,1.04067,1.03928,1102170.30999108,1068
2022-11-16 08:00:00,1668585600,1.0404,1.042,1.03883,1.04057,1.03989,1449585.61944084,1036
2022-11-16 09:00:00,1668589200,1.04032,1.04241,1.04032,1.04174,1.04134,2076002.79925865,1166
2022-11-16 10:00:00,1668592800,1.04205,1.04379,1.04151,1.04277,1.04281,1874410.07366715,1077
2022-11-16 11:00:00,1668596400,1.04295,1.04313,1.04116,1.04157,1.04226,1239972.71024397,983
2022-11-16 12:00:00,1668600000,1.04157,1.0428,1.04117,1.042,1.04177,1269628.66160115,1768
2022-11-16 13:00:00,1668603600,1.04194,1.04228,1.03845,1.03914,1.0407,3392987.92341589,1611
2022-11-16 14:00:00,1668607200,1.0391,1.04119,1.0373,1.0387,1.03947,2351778.98146967,1583
2022-11-16 15:00:00,1668610800,1.03873,1.04041,1.03743,1.04031,1.03857,3117243.70454568,1344
2022-11-16 16:00:00,1668614400,1.04031,1.04099,1.03896,1.03959,1.03992,3044114.58689258,1596
2022-11-16 17:00:00,1668618000,1.03946,1.0398,1.03728,1.03825,1.039,1009913.03085685,664
2022-11-16 18:00:00,1668621600,1.03825,1.03849,1.03571,1.03674,1.03746,1519630.50643041,792
2022-11-16 19:00:00,1668625200,1.0368,1.03937,1.0368,1.03937,1.03757,882233.3786417,648
2022-11-16 20:00:00,1668628800,1.0393,1.04048,1.0385,1.03999,1.03976,308881.05987383,492
2022-11-16 21:00:00,1668632400,1.03999,1.04016,1.03918,1.04016,1.03971,1310898.12276303,425
2022-11-16 22:00:00,1668636000,1.04012,1.04045,1.03969,1.03972,1.03996,256951.35721722,419
2022-11-16 23:00:00,1668639600,1.03991,1.04036,1.03947,1.03977,1.03962,342273.72763201,254
2022-11-17 00:00:00,1668643200,1.03959,1.03978,1.03854,1.03862,1.03928,472671.12884441,486
2022-11-17 01:00:00,1668646800,1.03873,1.03911,1.03755,1.0376,1.03833,670695.12377855,351
2022-11-17 02:00:00,1668650400,1.03775,1.038,1.03635,1.03694,1.03692,305249.02175873,281
2022-11-17 03:00:00,1668654000,1.03703,1.03742,1.03605,1.03716,1.03649,167519.00791038,255
2022-11-17 04:00:00,1668657600,1.03725,1.038,1.03704,1.03714,1.03748,84405.7835517,346
2022-11-17 05:00:00,1668661200,1.03716,1.03834,1.03692,1.03809,1.03795,433749.74154281,411
2022-11-17 06:00:00,1668664800,1.03795,1.03984,1.03778,1.03871,1.03868,726454.610601,493
2022-11-17 07:00:00,1668668400,1.0387,1.0397,1.03705,1.03969,1.03797,383389.6255661,283
2022-11-17 08:00:00,1668672000,1.03969,1.04072,1.03866,1.03873,1.0395,1590617.58179746,1008
2022-11-17 09:00:00,1668675600,1.03873,1.03895,1.03575,1.03636,1.03787,1720247.15635731,961
2022-11-17 10:00:00,1668679200,1.03637,1.03693,1.03389,1.03401,1.03501,1989213.93152645,1521
2022-11-17 11:00:00,1668682800,1.03393,1.03521,1.03295,1.03461,1.03399,1157246.50627523,704
2022-11-17 12:00:00,1668686400,1.0348,1.03535,1.03223,1.03316,1.03366,566276.1810728,647
2022-11-17 13:00:00,1668690000,1.0332,1.05,1.03161,1.03181,1.03346,1835964.62131976,1471
2022-11-17 14:00:00,1668693600,1.03185,1.03574,1.03153,1.03474,1.03282,1784890.86829197,1131
2022-11-17 15:00:00,1668697200,1.03475,1.03606,1.03317,1.03321,1.03489,1278718.08669514,1125
2022-11-17 16:00:00,1668700800,1.03328,1.03469,1.03223,1.03418,1.03356,722791.61474593,655
2022-11-17 17:00:00,1668704400,1.03469,1.03604,1.03405,1.03508,1.03459,794335.33063544,548
2022-11-17 18:00:00,1668708000,1.0351,1.03734,1.0351,1.03707,1.03633,148078.93718064,441
2022-11-17 19:00:00,1668711600,1.0367,1.03732,1.0361,1.03699,1.03666,236806.2315111,431
2022-11-17 20:00:00,1668715200,1.03689,1.0376,1.03643,1.03747,1.0369,450441.26293656,435
2022-11-17 21:00:00,1668718800,1.03744,1.038,1.03706,1.0374,1.03772,714421.07917056,516
2022-11-17 22:00:00,1668722400,1.03749,1.03878,1.03706,1.03825,1.03782,137296.64712184,221
2022-11-17 23:00:00,1668726000,1.03743,1.03818,1.0361,1.03648,1.03686,75211.94366013,192
2022-11-18 00:00:00,1668729600,1.03649,1.03828,1.0362,1.03791,1.03728,196478.92537453,213
2022-11-18 01:00:00,1668733200,1.03808,1.0385,1.03703,1.03789,1.03779,115120.89612998,200
2022-11-18 02:00:00,1668736800,1.0379,1.03849,1.03726,1.03756,1.03786,124601.34267005,137
2022-11-18 03:00:00,1668740400,1.0377,1.03958,1.0374,1.03882,1.03824,132045.96043583,159
2022-11-18 04:00:00,1668744000,1.03918,1.03918,1.03701,1.03746,1.03826,128773.47855299,161
2022-11-18 05:00:00,1668747600,1.03724,1.03848,1.03698,1.038,1.03769,131681.73309709,448
2022-11-18 06:00:00,1668751200,1.03796,1.03869,1.03634,1.03866,1.03733,166435.99238736,273
2022-11-18 07:00:00,1668754800,1.03848,1.03935,1.03751,1.03821,1.03822,2469698.06828989,1415
2022-11-18 08:00:00,1668758400,1.03832,1.03875,1.03464,1.0359,1.03622,1566528.82591329,1666
2022-11-18 09:00:00,1668762000,1.03605,1.03997,1.03532,1.03839,1.03771,2489081.54005383,1531
2022-11-18 10:00:00,1668765600,1.03831,1.03838,1.03631,1.03714,1.03755,1810729.5306861,1066
2022-11-18 11:00:00,1668769200,1.03712,1.03847,1.0365,1.03655,1.03745,3054102.50421504,1572
2022-11-18 12:00:00,1668772800,1.03666,1.03876,1.03635,1.03635,1.03736,1626677.98945842,1101
2022-11-18 13:00:00,1668776400,1.03654,1.03877,1.03627,1.03662,1.03736,993683.8091181,675
2022-11-18 14:00:00,1668780000,1.03679,1.03714,1.03311,1.03362,1.03532,3404614.94787242,1269
2022-11-18 15:00:00,1668783600,1.03355,1.03651,1.03277,1.03612,1.03456,851987.53465424,688
2022-11-18 16:00:00,1668787200,1.03612,1.03682,1.03439,1.03474,1.03551,361327.86633703,424
2022-11-18 17:00:00,1668790800,1.03508,1.03511,1.03311,1.0335,1.03394,428929.32736221,514
2022-11-18 18:00:00,1668794400,1.0334,1.0338,1.0327,1.0332,1.03316,379196.41945765,458
2022-11-18 19:00:00,1668798000,1.03314,1.03349,1.03206,1.03299,1.03289,572889.50114351,557
2022-11-18 20:00:00,1668801600,1.03299,1.03354,1.03243,1.03256,1.0334,5549472.0521015,566
2022-11-18 21:00:00,1668805200,1.03251,1.03293,1.03218,1.03249,1.03255,322604.1092463,533
2022-11-18 22:00:00,1668808800,1.0328,1.03298,1.0325,1.03275,1.03272,230563.93715028,466
2022-11-18 23:00:00,1668812400,1.03283,1.03358,1.03259,1.03327,1.03308,321007.9800614,459
2022-11-19 00:00:00,1668816000,1.03327,1.03348,1.03278,1.03302,1.0331,96321.52273262,353
2022-11-19 01:00:00,1668819600,1.0333,1.03334,1.03292,1.0332,1.03316,26226.71414868,162
2022-11-19 02:00:00,1668823200,1.03326,1.0335,1.03283,1.0335,1.03319,131913.72197229,245
2022-11-19 03:00:00,1668826800,1.0335,1.03352,1.03305,1.03309,1.03325,41445.96269773,250
2022-11-19 04:00:00,1668830400,1.0331,1.03349,1.03294,1.03297,1.03321,41688.3347898,117
2022-11-19 05:00:00,1668834000,1.0333,1.03339,1.03278,1.03289,1.03304,108624.92104861,198
2022-11-19 06:00:00,1668837600,1.03327,1.03328,1.03269,1.03288,1.03282,118799.14302633,165
2022-11-19 07:00:00,1668841200,1.03305,1.03317,1.03262,1.03262,1.03282,64778.83430769,220
2022-11-19 08:00:00,1668844800,1.03265,1.03312,1.03233,1.03295,1.03263,414024.3105299,607
2022-11-19 09:00:00,1668848400,1.03271,1.03342,1.03251,1.03309,1.03304,175314.54458804,364
2022-11-19 10:00:00,1668852000,1.03309,1.0332,1.03274,1.03288,1.033,88179.97944932,233
2022-11-19 11:00:00,1668855600,1.03274,1.03327,1.03273,1.03318,1.03297,164329.39956363,276
2022-11-19 12:00:00,1668859200,1.03318,1.03349,1.03293,1.03293,1.03337,82275.83130693,216
2022-11-19 13:00:00,1668862800,1.03329,1.03346,1.03279,1.03292,1.03292,178868.44486268,263
2022-11-19 14:00:00,1668866400,1.03314,1.03353,1.03291,1.03301,1.0331,61306.07713315,251
2022-11-19 15:00:00,1668870000,1.03327,1.03358,1.03292,1.03352,1.03335,114103.57750407,286
2022-11-19 16:00:00,1668873600,1.03355,1.0336,1.03321,1.03331,1.03357,334948.85556613,229
2022-11-19 17:00:00,1668877200,1.03356,1.03369,1.03303,1.03303,1.03341,49695.00316552,228
2022-11-19 18:00:00,1668880800,1.03304,1.03361,1.03271,1.03344,1.03295,218053.17881081,320
2022-11-19 19:00:00,1668884400,1.03311,1.03357,1.03304,1.03321,1.03316,31704.30254818,150
2022-11-19 20:00:00,1668888000,1.03322,1.03364,1.03311,1.03348,1.03348,218520.6088773,230
2022-11-19 21:00:00,1668891600,1.03338,1.03359,1.03242,1.03284,1.03279,608405.55753987,488
2022-11-19 22:00:00,1668895200,1.03283,1.03372,1.0327,1.03334,1.03323,575557.88457701,619
2022-11-19 23:00:00,1668898800,1.0333,1.03364,1.0328,1.0333,1.0333,243604.85825652,318
2022-11-20 00:00:00,1668902400,1.03352,1.03366,1.0323,1.03328,1.03315,198974.7796122,257
2022-11-20 01:00:00,1668906000,1.03285,1.03347,1.03262,1.03304,1.0329,84349.517002,91
2022-11-20 02:00:00,1668909600,1.03283,1.03335,1.03282,1.03285,1.03293,27784.09049103,87
2022-11-20 03:00:00,1668913200,1.03285,1.03359,1.03285,1.03348,1.03319,62337.14496517,70
2022-11-20 04:00:00,1668916800,1.03353,1.03355,1.03303,1.03329,1.0333,4690.70607496,77
2022-11-20 05:00:00,1668920400,1.03304,1.03357,1.03302,1.03342,1.03318,23079.21323286,75
2022-11-20 06:00:00,1668924000,1.03343,1.03355,1.03291,1.03339,1.03311,23543.41140247,122
2022-11-20 07:00:00,1668927600,1.03339,1.03372,1.03242,1.03356,1.03307,260889.50202348,261
2022-11-20 08:00:00,1668931200,1.03356,1.0338,1.03274,1.03313,1.03337,293688.24483598,334
2022-11-20 09:00:00,1668934800,1.03365,1.03381,1.03315,1.03331,1.0336,57062.98617726,160
2022-11-20 10:00:00,1668938400,1.03321,1.03392,1.033,1.03387,1.03356,259863.35634212,595
2022-11-20 11:00:00,1668942000,1.03386,1.03429,1.03277,1.03417,1.03365,324039.58148086,433
2022-11-20 12:00:00,1668945600,1.03416,1.03509,1.03229,1.03374,1.03357,512356.35046404,500
2022-11-20 13:00:00,1668949200,1.03373,1.03449,1.03346,1.03439,1.03387,383648.03822878,579
2022-11-20 14:00:00,1668952800,1.03438,1.03469,1.03365,1.03401,1.03423,365646.49015504,371
2022-11-20 15:00:00,1668956400,1.03428,1.03434,1.03389,1.0339,1.03405,236690.35886991,350
2022-11-20 16:00:00,1668960000,1.0339,1.0342,1.0339,1.03395,1.03393,428420.52700303,763
2022-11-20 17:00:00,1668963600,1.03418,1.03436,1.03368,1.03406,1.03393,131997.86052292,338
2022-11-20 18:00:00,1668967200,1.03408,1.03595,1.03368,1.03401,1.03484,177546.24172645,229
2022-11-20 19:00:00,1668970800,1.03391,1.0344,1.03367,1.0338,1.03382,92924.06520237,156
2022-11-20 20:00:00,1668974400,1.03417,1.03474,1.0327,1.03447,1.03381,603757.00000069,516
2022-11-20 21:00:00,1668978000,1.03394,1.03579,1.03241,1.0332,1.0335,922096.4872189,1084
2022-11-20 22:00:00,1668981600,1.03274,1.03386,1.03227,1.03353,1.0328,716233.20389417,694
2022-11-20 23:00:00,1668985200,1.03363,1.03404,1.03297,1.0337,1.03344,289553.9391011,631
2022-11-21 00:00:00,1668988800,1.0337,1.03393,1.03152,1.03198,1.03258,721996.24138309,984
2022-11-21 01:00:00,1668992400,1.03175,1.03202,1.0304,1.03124,1.03144,336833.39464037,541
2022-11-21 02:00:00,1668996000,1.03137,1.03144,1.0292,1.02925,1.03016,762087.02781877,864
2022-11-21 03:00:00,1668999600,1.0292,1.0306,1.02918,1.03049,1.03006,840609.09974428,751
2022-11-21 04:00:00,1669003200,1.03039,1.0307,1.02815,1.02861,1.02964,593019.77854685,819
2022-11-21 05:00:00,1669006800,1.02855,1.02873,1.02775,1.02866,1.02823,532666.03348831,497
2022-11-21 06:00:00,1669010400,1.02861,1.02906,1.02614,1.02636,1.02799,1722663.71321275,1083
2022-11-21 07:00:00,1669014000,1.0264,1.0277,1.02576,1.02604,1.02691,1864573.82033679,1482
2022-11-21 08:00:00,1669017600,1.02603,1.02799,1.026,1.02667,1.02701,1176316.22804742,1007
2022-11-21 09:00:00,1669021200,1.02667,1.02677,1.02321,1.02359,1.02483,1658886.09780713,1866
2022-11-21 10:00:00,1669024800,1.02359,1.02537,1.02349,1.02479,1.02459,1810823.85346336,1511
2022-11-21 11:00:00,1669028400,1.0249,1.0252,1.02345,1.02347,1.02415,1975795.38234682,1063
2022-11-21 12:00:00,1669032000,1.02352,1.02447,1.02294,1.02402,1.02362,913834.68220007,869
2022-11-21 13:00:00,1669035600,1.02416,1.02561,1.0234,1.02542,1.02466,1094309.18751642,795
2022-11-21 14:00:00,1669039200,1.02537,1.02581,1.02419,1.02569,1.02485,544894.80688227,529
2022-11-21 15:00:00,1669042800,1.02588,1.02642,1.02402,1.02435,1.02532,1433221.12828717,957
2022-11-21 16:00:00,1669046400,1.02399,1.02518,1.02342,1.02381,1.02438,1043900.68858192,1032
2022-11-21 17:00:00,1669050000,1.02381,1.02395,1.02259,1.02337,1.02344,1484841.41702427,881
2022-11-21 18:00:00,1669053600,1.0236,1.02466,1.02339,1.02361,1.02407,717254.49029358,852
2022-11-21 19:00:00,1669057200,1.02374,1.02523,1.02374,1.02398,1.02449,426471.49542026,613
2022-11-21 20:00:00,1669060800,1.02422,1.0251,1.02363,1.02465,1.02423,443392.83597776,898
2022-11-21 21:00:00,1669064400,1.02464,1.02464,1.024,1.02451,1.0242,564277.44851604,726
2022-11-21 22:00:00,1669068000,1.02426,1.02477,1.02402,1.02422,1.02442,274164.9399689,475
2022-11-21 23:00:00,1669071600,1.02431,1.02483,1.02401,1.02462,1.02442,196752.76094127,385
2022-11-22 00:00:00,1669075200,1.02465,1.02584,1.02432,1.02573,1.02529,176547.69185014,375
2022-11-22 01:00:00,1669078800,1.0254,1.02702,1.0254,1.02631,1.02638,73378.61517801,112
2022-11-22 02:00:00,1669082400,1.02643,1.027,1.02607,1.02689,1.02665,111009.48441466,192
2022-11-22 03:00:00,1669086000,1.02702,1.02715,1.02632,1.0265,1.02671,167862.6094097,219
2022-11-22 04:00:00,1669089600,1.02648,1.02664,1.02598,1.02645,1.02631,113102.75824086,260
2022-11-22 05:00:00,1669093200,1.02636,1.02637,1.025,1.02561,1.02548,255652.94949547,355
2022-11-22 06:00:00,1669096800,1.02566,1.02627,1.02504,1.02518,1.02573,448378.8767043,523
2022-11-22 07:00:00,1669100400,1.02507,1.02766,1.02503,1.02725,1.02588,1004504.85028733,533
2022-11-22 08:00:00,1669104000,1.0272,1.02862,1.02638,1.0277,1.02787,1058055.55686765,663
2022-11-22 09:00:00,1669107600,1.02752,1.02857,1.02652,1.02701,1.02727,1484601.46144298,709
2022-11-22 10:00:00,1669111200,1.02698,1.0292,1.0268,1.02794,1.0278,1207837.8163996,592
2022-11-22 11:00:00,1669114800,1.02812,1.02905,1.0262,1.02683,1.02783,3470571.41773865,1521
2022-11-22 12:00:00,1669118400,1.02682,1.02694,1.02544,1.02639,1.02628,2299267.17796499,1017
2022-11-22 13:00:00,1669122000,1.02639,1.02766,1.02589,1.02601,1.02701,1995568.84394981,1941
2022-11-22 14:00:00,1669125600,1.02601,1.02687,1.02543,1.02645,1.02624,2842569.76040287,1821
2022-11-22 15:00:00,1669129200,1.0264,1.02891,1.02639,1.02843,1.02799,2613100.23217986,1229
2022-11-22 16:00:00,1669132800,1.02841,1.02873,1.0268,1.0275,1.02766,1891491.61228858,1069
2022-11-22 17:00:00,1669136400,1.02754,1.02969,1.02714,1.02951,1.02789,1133279.45495614,1125
2022-11-22 18:00:00,1669140000,1.02961,1.031,1.02901,1.0306,1.02966,2878089.28475305,1675
2022-11-22 19:00:00,1669143600,1.03077,1.03083,1.02928,1.02962,1.02993,497406.79020322,620
2022-11-22 20:00:00,1669147200,1.0297,1.03064,1.02956,1.03012,1.02991,632212.74499686,773
2022-11-22 21:00:00,1669150800,1.03019,1.03092,1.03004,1.0307,1.03055,288952.45919288,508
2022-11-22 22:00:00,1669154400,1.03074,1.03101,1.03032,1.03093,1.03078,470833.23480786,624
2022-11-22 23:00:00,1669158000,1.03077,1.03113,1.03048,1.03103,1.03068,998268.62453369,1128
2022-11-23 00:00:00,1669161600,1.03107,1.03205,1.0306,1.03069,1.03148,761791.28996765,1351
2022-11-23 01:00:00,1669165200,1.03075,1.03141,1.03028,1.03135,1.03088,277750.1598796,243
2022-11-23 02:00:00,1669168800,1.03139,1.03298,1.03083,1.03279,1.03157,653704.72933864,752
2022-11-23 03:00:00,1669172400,1.03248,1.03273,1.0313,1.03166,1.0321,935353.36589508,817
2022-11-23 04:00:00,1669176000,1.0316,1.03179,1.03104,1.0316,1.03128,411711.20001802,384
2022-11-23 05:00:00,1669179600,1.03168,1.0331,1.03156,1.03271,1.03248,394340.50552872,407
2022-11-23 06:00:00,1669183200,1.03276,1.03368,1.03225,1.03322,1.03264,546717.89116002,415
2022-11-23 07:00:00,1669186800,1.03311,1.03538,1.03279,1.03516,1.03478,1737969.19605592,835
2022-11-23 08:00:00,1669190400,1.03482,1.03495,1.03121,1.0315,1.03269,1521260.16023983,725
2022-11-23 09:00:00,1669194000,1.03151,1.03274,1.0305,1.03238,1.03164,986070.21881871,511
2022-11-23 10:00:00,1669197600,1.03242,1.03242,1.02972,1.03126,1.03067,1069582.21805141,690
2022-11-23 11:00:00,1669201200,1.03126,1.03237,1.03092,1.03202,1.03157,1231620.67248252,523
2022-11-23 12:00:00,1669204800,1.032,1.03278,1.03135,1.03233,1.03231,1607156.36048979,987
2022-11-23 13:00:00,1669208400,1.03239,1.0339,1.03185,1.03314,1.03275,1546654.48700979,1111
2022-11-23 14:00:00,1669212000,1.03313,1.03723,1.03286,1.03692,1.03418,3496604.37734861,1509
2022-11-23 15:00:00,1669215600,1.03698,1.03842,1.03461,1.03782,1.03654,727797.68247841,1482
2022-11-23 16:00:00,1669219200,1.03783,1.03799,1.0358,1.03676,1.03646,1176232.30979898,1082
2022-11-23 17:00:00,1669222800,1.03666,1.03731,1.03599,1.03644,1.0366,1633141.75090457,1325
2022-11-23 18:00:00,1669226400,1.03644,1.0379,1.03604,1.0376,1.03676,806350.31089164,875
2022-11-23 19:00:00,1669230000,1.0375,1.04028,1.03695,1.0401,1.03926,1858632.1174939,1016
2022-11-23 20:00:00,1669233600,1.04009,1.0404,1.03937,1.0404,1.03985,451547.22486974,465
2022-11-23 21:00:00,1669237200,1.04037,1.04058,1.03944,1.03955,1.03991,154948.80665139,307
2022-11-23 22:00:00,1669240800,1.0399,1.04009,1.03931,1.04009,1.03969,96588.57374173,238
2022-11-23 23:00:00,1669244400,1.04037,1.04201,1.0401,1.04192,1.04136,362410.5191872,391
2022-11-24 00:00:00,1669248000,1.04192,1.04204,1.0405,1.04154,1.04109,308616.6092382,470
2022-11-24 01:00:00,1669251600,1.04164,1.04259,1.04132,1.04244,1.04205,377984.85838668,495
2022-11-24 02:00:00,1669255200,1.04237,1.0436,1.0419,1.04336,1.04273,404729.9918286,419
2022-11-24 03:00:00,1669258800,1.04335,1.0447,1.04308,1.0447,1.04378,197262.23155659,249
2022-11-24 04:00:00,1669262400,1.0446,1.04481,1.04334,1.0448,1.04378,303156.79707374,247
2022-11-24 05:00:00,1669266000,1.04478,1.04478,1.04352,1.0436,1.04417,565572.75836307,328
2022-11-24 06:00:00,1669269600,1.0435,1.044,1.04319,1.04321,1.04364,355511.65704152,291
2022-11-24 07:00:00,1669273200,1.04337,1.04422,1.042,1.04201,1.04361,1281421.30507075,478
2022-11-24 08:00:00,1669276800,1.04165,1.04264,1.04034,1.04089,1.04128,927078.46937436,607
2022-11-24 09:00:00,1669280400,1.041,1.04262,1.041,1.04214,1.04205,783107.89549243,523
2022-11-24 10:00:00,1669284000,1.04215,1.04306,1.03961,1.04064,1.04167,1304735.39715251,703
2022-11-24 11:00:00,1669287600,1.04084,1.04119,1.03849,1.04099,1.03971,2199074.51936358,618
2022-11-24 12:00:00,1669291200,1.0408,1.04148,1.04001,1.04108,1.04057,1036919.39807268,494
2022-11-24 13:00:00,1669294800,1.04122,1.04303,1.04086,1.04282,1.04183,1716880.73511717,749
2022-11-24 14:00:00,1669298400,1.04261,1.04323,1.04208,1.04292,1.04274,1671464.98348779,674
2022-11-24 15:00:00,1669302000,1.043,1.0436,1.0418,1.0424,1.04246,1029812.72890117,606
2022-11-24 16:00:00,1669305600,1.04195,1.04262,1.04121,1.04142,1.04188,545598.45054167,416
2022-11-24 17:00:00,1669309200,1.04142,1.04196,1.04084,1.04173,1.04129,445592.95147266,268
2022-11-24 18:00:00,1669312800,1.04171,1.0419,1.04104,1.0413,1.04146,848160.42210497,608
2022-11-24 19:00:00,1669316400,1.04144,1.04239,1.04126,1.04238,1.04158,155877.16940458,213
2022-11-24 20:00:00,1669320000,1.04248,1.04302,1.04109,1.04251,1.04205,389694.83550333,335
2022-11-24 21:00:00,1669323600,1.04251,1.04269,1.04178,1.04231,1.04232,266512.50715774,403
2022-11-24 22:00:00,1669327200,1.04231,1.04362,1.0411,1.0418,1.04184,451758.44588723,290
2022-11-24 23:00:00,1669330800,1.04164,1.04225,1.04153,1.04167,1.04174,107755.33639449,319
2022-11-25 00:00:00,1669334400,1.04211,1.04233,1.04078,1.04136,1.04135,231901.72681468,463
2022-11-25 01:00:00,1669338000,1.04159,1.04239,1.04117,1.04191,1.04186,110449.6936077,227
2022-11-25 02:00:00,1669341600,1.04204,1.04258,1.0417,1.04226,1.04217,122224.55402607,263
2022-11-25 03:00:00,1669345200,1.04209,1.04235,1.04145,1.04203,1.04183,208335.21945901,258
2022-11-25 04:00:00,1669348800,1.04254,1.04359,1.04229,1.04272,1.0428,263128.99248003,340
2022-11-25 05:00:00,1669352400,1.04267,1.04267,1.04104,1.04137,1.04157,89676.52215414,140
2022-11-25 06:00:00,1669356000,1.04152,1.04286,1.04103,1.04211,1.04143,268238.01635995,426
2022-11-25 07:00:00,1669359600,1.04267,1.04267,1.04088,1.04092,1.04177,487804.969467,651
2022-11-25 08:00:00,1669363200,1.0409,1.04261,1.04083,1.04162,1.04194,3799698.22118046,2502
2022-11-25 09:00:00,1669366800,1.04163,1.04232,1.038,1.03877,1.04096,1805537.38729209,855
2022-11-25 10:00:00,1669370400,1.03888,1.04197,1.0387,1.04097,1.04078,1330650.80536096,779
2022-11-25 11:00:00,1669374000,1.04091,1.04094,1.03881,1.03913,1.04023,723281.54670273,557
2022-11-25 12:00:00,1669377600,1.0391,1.03987,1.03801,1.03845,1.03886,3754279.51055927,1266
2022-11-25 13:00:00,1669381200,1.03825,1.03887,1.03654,1.03762,1.03767,1654358.48362762,721
2022-11-25 14:00:00,1669384800,1.03784,1.03898,1.03632,1.03824,1.03794,608235.38672347,422
2022-11-25 15:00:00,1669388400,1.03824,1.04103,1.03781,1.04064,1.03958,1587263.92035945,911
2022-11-25 16:00:00,1669392000,1.04071,1.04099,1.03929,1.04033,1.04035,2003795.90907538,1017
2022-11-25 17:00:00,1669395600,1.0402,1.04104,1.03992,1.04059,1.04046,108215.43567443,206
2022-11-25 18:00:00,1669399200,1.04085,1.04099,1.0398,1.04071,1.04055,392542.60841306,537
2022-11-25 19:00:00,1669402800,1.04103,1.0419,1.04048,1.0418,1.04115,329819.58546552,368
2022-11-25 20:00:00,1669406400,1.04162,1.04211,1.04126,1.04165,1.04172,134087.15466632,302
2022-11-25 21:00:00,1669410000,1.04158,1.04191,1.04047,1.0408,1.04099,792851.35194862,502
2022-11-25 22:00:00,1669413600,1.04084,1.04138,1.04054,1.04128,1.04092,171931.33759984,281
2022-11-25 23:00:00,1669417200,1.041,1.04151,1.04081,1.04125,1.04113,110339.98565974,174
2022-11-26 00:00:00,1669420800,1.04086,1.04131,1.04071,1.04129,1.04093,93972.27697142,165
2022-11-26 01:00:00,1669424400,1.04084,1.04173,1.04055,1.04091,1.04108,152400.6656345,253
2022-11-26 02:00:00,1669428000,1.04111,1.04117,1.04033,1.04086,1.04071,84770.34098881,109
2022-11-26 03:00:00,1669431600,1.04085,1.0409,1.04051,1.04084,1.04078,124290.91451093,162
2022-11-26 04:00:00,1669435200,1.04083,1.04089,1.04046,1.0407,1.04065,91938.07673489,85
2022-11-26 05:00:00,1669438800,1.04083,1.0409,1.04051,1.04089,1.04072,51527.1066042,73
2022-11-26 06:00:00,1669442400,1.04087,1.04089,1.04044,1.04062,1.04064,78057.04613857,158
2022-11-26 07:00:00,1669446000,1.04061,1.0409,1.04045,1.0406,1.04069,185793.47408649,175
2022-11-26 08:00:00,1669449600,1.04051,1.04091,1.04041,1.04085,1.04075,43877.31693469,85
2022-11-26 09:00:00,1669453200,1.0404,1.04079,1.04029,1.04035,1.04061,76602.01264798,102
2022-11-26 10:00:00,1669456800,1.04035,1.04127,1.04023,1.04051,1.04071,198705.19571091,166
2022-11-26 11:00:00,1669460400,1.04052,1.04107,1.0402,1.04021,1.04066,349056.78255249,242
2022-11-26 12:00:00,1669464000,1.04045,1.04059,1.04007,1.04016,1.04033,185153.00544258,172
2022-11-26 13:00:00,1669467600,1.04041,1.04047,1.04005,1.04014,1.04036,110452.37588734,150
2022-11-26 14:00:00,1669471200,1.04039,1.0407,1.04002,1.04038,1.04035,266268.83752355,347
2022-11-26 15:00:00,1669474800,1.04038,1.0409,1.0401,1.04023,1.04043,316398.71352994,361
2022-11-26 16:00:00,1669478400,1.04046,1.04096,1.04021,1.04096,1.04061,123071.48530613,180
2022-11-26 17:00:00,1669482000,1.04074,1.04074,1.0402,1.04023,1.04027,130390.76016956,143
2022-11-26 18:00:00,1669485600,1.04024,1.0406,1.04011,1.04014,1.04027,61053.70794763,159
2022-11-26 19:00:00,1669489200,1.04013,1.04063,1.0401,1.04032,1.04028,52296.35640031,157
2022-11-26 20:00:00,1669492800,1.04032,1.04053,1.04,1.04011,1.04017,199785.77517939,186
2022-11-26 21:00:00,1669496400,1.04029,1.04047,1.03997,1.04023,1.04021,108942.91335591,184
2022-11-26 22:00:00,1669500000,1.04023,1.04044,1.04001,1.04011,1.04024,75472.72334314,193
2022-11-26 23:00:00,1669503600,1.04031,1.04035,1.03991,1.04027,1.04012,107963.5658881,157
2022-11-27 00:00:00,1669507200,1.04019,1.04044,1.04,1.04041,1.04029,97020.20666236,104
2022-11-27 01:00:00,1669510800,1.04017,1.04046,1.0401,1.04046,1.04037,39802.93330156,56
2022-11-27 02:00:00,1669514400,1.04042,1.04052,1.04005,1.04011,1.04034,62787.71193987,70
2022-11-27 03:00:00,1669518000,1.04038,1.04046,1.04001,1.0402,1.04016,34260.35528455,63
2022-11-27 04:00:00,1669521600,1.0402,1.04059,1.04005,1.04025,1.0403,74842.63130478,69
2022-11-27 05:00:00,1669525200,1.04052,1.04052,1.04022,1.04025,1.04044,25616.23404191,38
2022-11-27 06:00:00,1669528800,1.04053,1.0407,1.04012,1.04021,1.04041,46631.3686244,86
2022-11-27 07:00:00,1669532400,1.04047,1.0405,1.04006,1.04038,1.04033,38136.30326842,84
2022-11-27 08:00:00,1669536000,1.04038,1.04069,1.04009,1.04023,1.04037,117440.81967187,174
2022-11-27 09:00:00,1669539600,1.04046,1.04069,1.0401,1.04054,1.04038,130057.23964253,146
2022-11-27 10:00:00,1669543200,1.04058,1.04077,1.04002,1.04045,1.04042,178450.44211156,352
2022-11-27 11:00:00,1669546800,1.04071,1.04076,1.04029,1.04029,1.04044,46369.49421386,206
2022-11-27 12:00:00,1669550400,1.04029,1.04087,1.04021,1.04065,1.04054,160503.77460722,234
2022-11-27 13:00:00,1669554000,1.04066,1.04079,1.0402,1.04042,1.04047,70918.996692,160
2022-11-27 14:00:00,1669557600,1.04066,1.04067,1.0402,1.04065,1.04047,90324.09828946,209
2022-11-27 15:00:00,1669561200,1.04041,1.04086,1.04041,1.04051,1.04064,51785.47090507,131
2022-11-27 16:00:00,1669564800,1.04052,1.04145,1.04051,1.04063,1.0409,187089.00306338,190
2022-11-27 17:00:00,1669568400,1.04103,1.04194,1.04061,1.04085,1.04106,165100.09053889,168
2022-11-27 18:00:00,1669572000,1.04085,1.04138,1.0399,1.04092,1.04071,204301.73965751,206
2022-11-27 19:00:00,1669575600,1.04092,1.04221,1.04048,1.04091,1.04126,166512.7474712,134
2022-11-27 20:00:00,1669579200,1.04091,1.04145,1.04042,1.04067,1.0409,102325.60123473,166
2022-11-27 21:00:00,1669582800,1.0408,1.0411,1.0396,1.03976,1.03975,688276.79916904,851
2022-11-27 22:00:00,1669586400,1.03961,1.03976,1.0375,1.03796,1.03829,765721.8031214,616
2022-11-27 23:00:00,1669590000,1.03796,1.0382,1.03668,1.03684,1.03744,1090441.76987973,700
2022-11-28 00:00:00,1669593600,1.03682,1.03863,1.03671,1.03812,1.0376,555857.09266803,323
2022-11-28 01:00:00,1669597200,1.03793,1.03829,1.03418,1.03485,1.03589,461990.06453701,681
2022-11-28 02:00:00,1669600800,1.03512,1.03641,1.03437,1.03608,1.03543,558508.75324239,413
2022-11-28 03:00:00,1669604400,1.03616,1.03616,1.03516,1.03551,1.03559,527059.44945822,308
2022-11-28 04:00:00,1669608000,1.03561,1.03644,1.03532,1.03614,1.03592,178420.16608741,189
2022-11-28 05:00:00,1669611600,1.03626,1.03628,1.03495,1.03553,1.0356,180056.48550886,232
2022-11-28 06:00:00,1669615200,1.03526,1.03792,1.03519,1.03738,1.03725,904445.31256274,455
2022-11-28 07:00:00,1669618800,1.03741,1.03847,1.03719,1.03738,1.03792,245767.69335134,836
2022-11-28 08:00:00,1669622400,1.03745,1.04392,1.03688,1.04391,1.04122,1353659.62154024,1065
2022-11-28 09:00:00,1669626000,1.04378,1.04578,1.04339,1.04468,1.04472,1188724.11125396,710
2022-11-28 10:00:00,1669629600,1.04474,1.04809,1.04398,1.04755,1.04669,1323640.87504187,820
2022-11-28 11:00:00,1669633200,1.04765,1.05,1.04742,1.04802,1.04936,2051276.27790211,1145
2022-11-28 12:00:00,1669636800,1.04843,1.04843,1.04678,1.04741,1.04735,5648009.21030582,2132
2022-11-28 13:00:00,1669640400,1.04749,1.04766,1.04454,1.04645,1.04618,4125238.64524819,1881
2022-11-28 14:00:00,1669644000,1.04643,1.04643,1.04225,1.04301,1.04441,2644731.79496451,1163
2022-11-28 15:00:00,1669647600,1.04296,1.04374,1.03933,1.03981,1.04088,4343023.80738913,1240
2022-11-28 16:00:00,1669651200,1.03984,1.04024,1.0377,1.03863,1.03862,3154390.33250858,1390
2022-11-28 17:00:00,1669654800,1.03861,1.03895,1.03718,1.03725,1.03818,1950252.38619159,836
2022-11-28 18:00:00,1669658400,1.03725,1.03758,1.03605,1.03638,1.03726,3021643.76028917,987
2022-11-28 19:00:00,1669662000,1.03648,1.03648,1.03421,1.03421,1.03568,882629.96828555,589
2022-11-28 20:00:00,1669665600,1.03447,1.03475,1.03367,1.03397,1.03401,315087.26668059,619
2022-11-28 21:00:00,1669669200,1.03417,1.03467,1.03394,1.0344,1.03436,399858.76536773,438
2022-11-28 22:00:00,1669672800,1.03445,1.03489,1.03438,1.03489,1.03459,153359.64398548,267
2022-11-28 23:00:00,1669676400,1.03462,1.03517,1.03441,1.03483,1.03481,153457.66894561,254
2022-11-29 00:00:00,1669680000,1.03494,1.03537,1.03416,1.03416,1.03462,659595.6024528,625
2022-11-29 01:00:00,1669683600,1.03421,1.03659,1.03348,1.03644,1.03523,286855.0973734,477
2022-11-29 02:00:00,1669687200,1.03636,1.03656,1.0354,1.0354,1.03603,529079.98082867,397
2022-11-29 03:00:00,1669690800,1.03546,1.03876,1.03546,1.03853,1.03783,323083.0939012,257
2022-11-29 04:00:00,1669694400,1.0384,1.03993,1.03792,1.03993,1.03868,287033.73166993,325
2022-11-29 05:00:00,1669698000,1.03971,1.03972,1.0386,1.0395,1.03931,326289.96117952,281
2022-11-29 06:00:00,1669701600,1.03972,1.03987,1.03613,1.03665,1.03825,268419.56093943,244
2022-11-29 07:00:00,1669705200,1.03654,1.03963,1.03632,1.03865,1.03745,169071.70106026,226
2022-11-29 08:00:00,1669708800,1.03873,1.04,1.03616,1.03907,1.03863,881157.23959071,578
2022-11-29 09:00:00,1669712400,1.03886,1.03912,1.0355,1.0362,1.03669,3188158.81478924,744
2022-11-29 10:00:00,1669716000,1.0362,1.03815,1.03604,1.03776,1.03712,2740887.82870434,731
